"ID","标题","创建时间","内容"
"1","Title 0","2016-12-01 10:08:09","Body 0"
"2","Title 1","2016-12-01 10:08:09","Body 1"
"4","Title 3","2016-12-01 10:08:09","Body 3"
"5","Title 4","2016-12-01 10:08:09","Body 4"
"6","Title 5","2016-12-01 10:08:09","Body 5"
"7","Title 6","2016-12-01 10:08:09","Body 6"
"8","Title 7","2016-12-01 10:08:09","Body 7"
"9","Title 8","2016-12-01 10:08:09","Body 8"
"10","Title 9","2016-12-01 10:08:09","Body 9"
"11","I Am Title","2016-12-02 07:25:08","I Am the main."
"12","我是标题","2016-12-02 08:06:10","我是内容"
"13","who am i?","2016-12-06 09:40:17","where am i?"
